Workbook

Sheet Product
A1: Product Sales & Order Management System
B4: Product ID | C4: Product Name | D4: Category | E4: Unit Price($)
B5: P001 | C5: Wireless Mouse | D5: Accessories | E5: 25
B6: P002 | C6: Mechanical Keyboard | D6: Accessories | E6: 80
B7: P003 | C7: 24-inch Monitor | D7: Monitors | E7: 180
B8: P004 | C8: USB-C Hub | D8: Accessories | E8: 40
B9: P005 | C9: External SSD | D9: Storage | E9: 120
B10: P006 | C10: Webcam HD | D10: Accessories | E10: 55
B11: P007 | C11: Laptop Stand | D11: Office | E11: 35
B12: P008 | C12: Bluetooth Speaker | D12: Audio | E12: 95
B13: P009 | C13: Gaming Headset | D13: Audio | E13: 110
B14: P010 | C14: Portable Hard Drive | D14: Storage | E14: 90
B15: P011 | C15: Office Chair | D15: Furniture | E15: 250
B16: P012 | C16: Desk Lamp | D16: Furniture | E16: 45
... B19: P015 | C19: Ergonomic Mouse Pad | D19: Office | E19: 20

Sheet Orders
A1: Product Sales & Order Management System
A3: Order ID | B3: Customer | C3: Product ID | D3: Product Name | E3: Category | F3: Unit Price($) | G3: Quantity | H3: Total
A4: ORD001 | B4: Sarah | C4: P003 | D4: =_xlfn.XLOOKUP(C4,Product!$B$5:$B$19,Product!$C$5:$C$19) -> 24-inch Monitor | E4: =_xlfn.XLOOKUP(C4,Product!$B$5:$B$19,Product!$D$5:$D$19) -> Monitors | F4: =_xlfn.XLOOKUP(C4,Product!$B$5:$B$19,Product!$E$5:$E$19) -> 180 | G4: 2 | H4: =Table2[[#This Row],[Unit Price($)]]*Table2[[#This Row],[Quantity]] -> 360
A5: ORD002 | B5: Ali | C5: P008 | D5: =_xlfn.XLOOKUP(C5,Product!$B$5:$B$19,Product!$C$5:$C$19) -> Bluetooth Speaker | E5: =_xlfn.XLOOKUP(C5,Product!$B$5:$B$19,Product!$D$5:$D$19) -> Audio | F5: =_xlfn.XLOOKUP(C5,Product!$B$5:$B$19,Product!$E$5:$E$19) -> 95 | G5: 1 | H5: =Table2[[#This Row],[Unit Price($)]]*Table2[[#This Row],[Quantity]] -> 95
A6: ORD003 | B6: John | C6: P001 | D6: =_xlfn.XLOOKUP(C6,Product!$B$5:$B$19,Product!$C$5:$C$19) -> Wireless Mouse | E6: =_xlfn.XLOOKUP(C6,Product!$B$5:$B$19,Product!$D$5:$D$19) -> Accessories | F6: =_xlfn.XLOOKUP(C6,Product!$B$5:$B$19,Product!$E$5:$E$19) -> 25 | G6: 4 | H6: =Table2[[#This Row],[Unit Price($)]]*Table2[[#This Row],[Quantity]] -> 100
A7: ORD004 | B7: Fatima | C7: P010 | D7: =_xlfn.XLOOKUP(C7,Product!$B$5:$B$19,Product!$C$5:$C$19) -> Portable Hard Drive | E7: =_xlfn.XLOOKUP(C7,Product!$B$5:$B$19,Product!$D$5:$D$19) -> Storage | F7: =_xlfn.XLOOKUP(C7,Product!$B$5:$B$19,Product!$E$5:$E$19) -> 90 | G7: 2 | H7: =Table2[[#This Row],[Unit Price($)]]*Table2[[#This Row],[Quantity]] -> 180
A8: ORD005 | B8: Ahmed | C8: P006 | D8: =_xlfn.XLOOKUP(C8,Product!$B$5:$B$19,Product!$C$5:$C$19) -> Webcam HD | E8: =_xlfn.XLOOKUP(C8,Product!$B$5:$B$19,Product!$D$5:$D$19) -> Accessories | F8: =_xlfn.XLOOKUP(C8,Product!$B$5:$B$19,Product!$E$5:$E$19) -> 55 | G8: 3 | H8: =Table2[[#This Row],[Unit Price($)]]*Table2[[#This Row],[Quantity]] -> 165
A9: ORD006 | B9: Maria | C9: P015 | D9: =_xlfn.XLOOKUP(C9,Product!$B$5:$B$19,Product!$C$5:$C$19) -> Ergonomic Mouse Pad | E9: =_xlfn.XLOOKUP(C9,Product!$B$5:$B$19,Product!$D$5:$D$19) -> Office | F9: =_xlfn.XLOOKUP(C9,Product!$B$5:$B$19,Product!$E$5:$E$19) -> 20 | G9: 5 | H9: =Table2[[#This Row],[Unit Price($)]]*Table2[[#This Row],[Quantity]] -> 100
A10: ORD007 | B10: Yusuf | C10: P011 | D10: =_xlfn.XLOOKUP(C10,Product!$B$5:$B$19,Product!$C$5:$C$19) -> Office Chair | E10: =_xlfn.XLOOKUP(C10,Product!$B$5:$B$19,Product!$D$5:$D$19) -> Furniture | F10: =_xlfn.XLOOKUP(C10,Product!$B$5:$B$19,Product!$E$5:$E$19) -> 250 | G10: 1 | H10: =Table2[[#This Row],[Unit Price($)]]*Table2[[#This Row],[Quantity]] -> 250
A11: ORD008 | B11: Noor | C11: P005 | D11: =_xlfn.XLOOKUP(C11,Product!$B$5:$B$19,Product!$C$5:$C$19) -> External SSD | E11: =_xlfn.XLOOKUP(C11,Product!$B$5:$B$19,Product!$D$5:$D$19) -> Storage | F11: =_xlfn.XLOOKUP(C11,Product!$B$5:$B$19,Product!$E$5:$E$19) -> 120 | G11: 2 | H11: =Table2[[#This Row],[Unit Price($)]]*Table2[[#This Row],[Quantity]] -> 240
A12: ORD009 | B12: David | C12: P004 | D12: =_xlfn.XLOOKUP(C12,Product!$B$5:$B$19,Product!$C$5:$C$19) -> USB-C Hub | E12: =_xlfn.XLOOKUP(C12,Product!$B$5:$B$19,Product!$D$5:$D$19) -> Accessories | F12: =_xlfn.XLOOKUP(C12,Product!$B$5:$B$19,Product!$E$5:$E$19) -> 40 | G12: 6 | H12: =Table2[[#This Row],[Unit Price($)]]*Table2[[#This Row],[Quantity]] -> 240
A13: ORD010 | B13: Omar | C13: P013 | D13: =_xlfn.XLOOKUP(C13,Product!$B$5:$B$19,Product!$C$5:$C$19) -> Power Bank | E13: =_xlfn.XLOOKUP(C13,Product!$B$5:$B$19,Product!$D$5:$D$19) -> Accessories | F13: =_xlfn.XLOOKUP(C13,Product!$B$5:$B$19,Product!$E$5:$E$19) -> 60 | G13: 3 | H13: =Table2[[#This Row],[Unit Price($)]]*Table2[[#This Row],[Quantity]] -> 180
A14: ORD011 | B14: Emma | C14: P009 | D14: =_xlfn.XLOOKUP(C14,Product!$B$5:$B$19,Product!$C$5:$C$19) -> Gaming Headset | E14: =_xlfn.XLOOKUP(C14,Product!$B$5:$B$19,Product!$D$5:$D$19) -> Audio | F14: =_xlfn.XLOOKUP(C14,Product!$B$5:$B$19,Product!$E$5:$E$19) -> 110 | G14: 2 | H14: =Table2[[#This Row],[Unit Price($)]]*Table2[[#This Row],[Quantity]] -> 220
A15: ORD012 | B15: Hasan | C15: P012 | D15: =_xlfn.XLOOKUP(C15,Product!$B$5:$B$19,Product!$C$5:$C$19) -> Desk Lamp | E15: =_xlfn.XLOOKUP(C15,Product!$B$5:$B$19,Product!$D$5:$D$19) -> Furniture | F15: =_xlfn.XLOOKUP(C15,Product!$B$5:$B$19,Product!$E$5:$E$19) -> 45 | G15: 4 | H15: =Table2[[#This Row],[Unit Price($)]]*Table2[[#This Row],[Quantity]] -> 180
... A19: ORD016 | B19: Michael | C19: P008 | D19: =_xlfn.XLOOKUP(C19,Product!$B$5:$B$19,Product!$C$5:$C$19) -> Bluetooth Speaker | E19: =_xlfn.XLOOKUP(C19,Product!$B$5:$B$19,Product!$D$5:$D$19) -> Audio | F19: =_xlfn.XLOOKUP(C19,Product!$B$5:$B$19,Product!$E$5:$E$19) -> 95 | G19: 10 | H19: =Table2[[#This Row],[Unit Price($)]]*Table2[[#This Row],[Quantity]] -> 950
D22: Summary | E22: Values
D23: Total Sales | E23: =SUM(Table2[Total]) -> 3530
D24: Total Orders | E24: =COUNTA(Table2[Order ID]) -> 16
D25: Sales from Accessories | E25: =SUMIFS($H$4:$H$19,$E$4:$E$19,"Accessories") -> 885
D26: Sales from Audio | E26: =SUMIFS($H$4:$H$19,$E$4:$E$19,"Audio") -> 1265
D27: Sales from Storage | E27: =SUMIFS($H$4:$H$19,$E$4:$E$19,"Storage") -> 420
D28: Sales from Office | E28: =SUMIFS($H$4:$H$19,$E$4:$E$19,"Office") -> 170
D29: Sales from Furniture | E29: =SUMIFS($H$4:$H$19,$E$4:$E$19,"Furniture") -> 430
