Workbook

Sheet RawData
A1: Customer ID | B1: Customer Name | C1: Gender | D1: Age | E1: Location | F1: Subscription | G1: Monthly Charges | H1: Tenure Months | I1: Contract Type | J1: Payment Method | K1: Support Calls | L1: Churn
A2: C001 | B2: John Smith | C2: Male | D2: 28 | E2: New York | F2: Premium | G2: 79.99 | H2: 24 | I2: Two Year | J2: Credit Card | K2: 1 | L2: No
A3: C002 | B3: Sarah Johnson | C3: Female | D3: 35 | E3: California | F3: Standard | G3: 49.99 | H3: 8 | I3: Monthly | J3: Bank Transfer | K3: 4 | L3: Yes
A4: C003 | B4: Michael Brown | C4: Male | D4: 42 | E4: Texas | F4: Basic | G4: 29.99 | H4: 36 | I4: Two Year | J4: Credit Card | K4: 0 | L4: No
A5: C004 | B5: Emily Davis | C5: Female | D5: 31 | E5: Florida | F5: Premium | G5: 84.99 | H5: 18 | I5: One Year | J5: PayPal | K5: 2 | L5: No
A6: C005 | B6: David Wilson | C6: Male | D6: 24 | E6: New York | F6: Basic | G6: 24.99 | H6: 4 | I6: Monthly | J6: Credit Card | K6: 5 | L6: Yes
A7: C006 | B7: Jessica Miller | C7: Female | D7: 39 | E7: Illinois | F7: Standard | G7: 54.99 | H7: 15 | I7: One Year | J7: Bank Transfer | K7: 2 | L7: No
A8: C007 | B8: Daniel Moore | C8: Male | D8: 51 | E8: Texas | F8: Premium | G8: 89.99 | H8: 42 | I8: Two Year | J8: Credit Card | K8: 1 | L8: No
A9: C008 | B9: Ashley Taylor | C9: Female | D9: 27 | E9: California | F9: Basic | G9: 27.99 | H9: 6 | I9: Monthly | J9: PayPal | K9: 6 | L9: Yes
A10: C009 | B10: Christopher Anderson | C10: Male | D10: 45 | E10: Florida | F10: Standard | G10: 52.99 | H10: 20 | I10: One Year | J10: Credit Card | K10: 2 | L10: No
A11: C010 | B11: Amanda Thomas | C11: Female | D11: 33 | E11: New York | F11: Premium | G11: 74.99 | H11: 10 | I11: Monthly | J11: Bank Transfer | K11: 5 | L11: Yes
A12: C011 | B12: Matthew Jackson | C12: Male | D12: 29 | E12: California | F12: Standard | G12: 47.99 | H12: 28 | I12: Two Year | J12: Credit Card | K12: 1 | L12: No
A13: C012 | B13: Jennifer White | C13: Female | D13: 46 | E13: Texas | F13: Basic | G13: 31.99 | H13: 3 | I13: Monthly | J13: PayPal | K13: 7 | L13: Yes
... A42: C041 | B42: Sam Tsui | C42: Male | D42: 26 | E42: New Jersey | F42: Standard | G42: 46.99 | H42: 10 | I42: One Year | J42: Credit Card | K42: 4 | L42: Yes

Sheet CleanData
A1: Customer ID | B1: Customer Name | C1: Gender | D1: Age | E1: Location | F1: Subscription | G1: Monthly Charges | H1: Tenure Months | I1: Contract Type | J1: Payment Method | K1: Support Calls | L1: Churn | M1: Churn status | N1: Customer segment
A2: =Table1[[#This Row],[Customer ID]] -> C001 | B2: =PROPER(TRIM(Table1[[#This Row],[Customer Name]])) -> John Smith | C2: =Table1[[#This Row],[Gender]] -> Male | D2: =Table1[[#This Row],[Age]] -> 28 | E2: =Table1[[#This Row],[Location]] -> New York | F2: =Table1[[#This Row],[Subscription]] -> Premium | G2: =Table1[[#This Row],[Monthly Charges]] -> 79.99 | H2: =Table1[[#This Row],[Tenure Months]] -> 24 | I2: =Table1[[#This Row],[Contract Type]] -> Two Year | J2: =Table1[[#This Row],[Payment Method]] -> Credit Card | K2: =Table1[[#This Row],[Support Calls]] -> 1 | L2: =Table1[[#This Row],[Churn]] -> No | M2: =IF(Table2[[#This Row],[Churn]]="Yes","Churned","Active") -> Active | N2: =IF(Table2[[#This Row],[Tenure Months]]<=6,"New",IF(Table2[[#This Row],[Tenure Months]]<=24,"Established","Loyal")) -> Established
A3: =Table1[[#This Row],[Customer ID]] -> C002 | B3: =PROPER(TRIM(Table1[[#This Row],[Customer Name]])) -> Sarah Johnson | C3: =Table1[[#This Row],[Gender]] -> Female | D3: =Table1[[#This Row],[Age]] -> 35 | E3: =Table1[[#This Row],[Location]] -> California | F3: =Table1[[#This Row],[Subscription]] -> Standard | G3: =Table1[[#This Row],[Monthly Charges]] -> 49.99 | H3: =Table1[[#This Row],[Tenure Months]] -> 8 | I3: =Table1[[#This Row],[Contract Type]] -> Monthly | J3: =Table1[[#This Row],[Payment Method]] -> Bank Transfer | K3: =Table1[[#This Row],[Support Calls]] -> 4 | L3: =Table1[[#This Row],[Churn]] -> Yes | M3: =IF(Table2[[#This Row],[Churn]]="Yes","Churned","Active") -> Churned | N3: =IF(Table2[[#This Row],[Tenure Months]]<=6,"New",IF(Table2[[#This Row],[Tenure Months]]<=24,"Established","Loyal")) -> Established
A4: =Table1[[#This Row],[Customer ID]] -> C003 | B4: =PROPER(TRIM(Table1[[#This Row],[Customer Name]])) -> Michael Brown | C4: =Table1[[#This Row],[Gender]] -> Male | D4: =Table1[[#This Row],[Age]] -> 42 | E4: =Table1[[#This Row],[Location]] -> Texas | F4: =Table1[[#This Row],[Subscription]] -> Basic | G4: =Table1[[#This Row],[Monthly Charges]] -> 29.99 | H4: =Table1[[#This Row],[Tenure Months]] -> 36 | I4: =Table1[[#This Row],[Contract Type]] -> Two Year | J4: =Table1[[#This Row],[Payment Method]] -> Credit Card | K4: =Table1[[#This Row],[Support Calls]] -> 0 | L4: =Table1[[#This Row],[Churn]] -> No | M4: =IF(Table2[[#This Row],[Churn]]="Yes","Churned","Active") -> Active | N4: =IF(Table2[[#This Row],[Tenure Months]]<=6,"New",IF(Table2[[#This Row],[Tenure Months]]<=24,"Established","Loyal")) -> Loyal
A5: =Table1[[#This Row],[Customer ID]] -> C004 | B5: =PROPER(TRIM(Table1[[#This Row],[Customer Name]])) -> Emily Davis | C5: =Table1[[#This Row],[Gender]] -> Female | D5: =Table1[[#This Row],[Age]] -> 31 | E5: =Table1[[#This Row],[Location]] -> Florida | F5: =Table1[[#This Row],[Subscription]] -> Premium | G5: =Table1[[#This Row],[Monthly Charges]] -> 84.99 | H5: =Table1[[#This Row],[Tenure Months]] -> 18 | I5: =Table1[[#This Row],[Contract Type]] -> One Year | J5: =Table1[[#This Row],[Payment Method]] -> PayPal | K5: =Table1[[#This Row],[Support Calls]] -> 2 | L5: =Table1[[#This Row],[Churn]] -> No | M5: =IF(Table2[[#This Row],[Churn]]="Yes","Churned","Active") -> Active | N5: =IF(Table2[[#This Row],[Tenure Months]]<=6,"New",IF(Table2[[#This Row],[Tenure Months]]<=24,"Established","Loyal")) -> Established
A6: =Table1[[#This Row],[Customer ID]] -> C005 | B6: =PROPER(TRIM(Table1[[#This Row],[Customer Name]])) -> David Wilson | C6: =Table1[[#This Row],[Gender]] -> Male | D6: =Table1[[#This Row],[Age]] -> 24 | E6: =Table1[[#This Row],[Location]] -> New York | F6: =Table1[[#This Row],[Subscription]] -> Basic | G6: =Table1[[#This Row],[Monthly Charges]] -> 24.99 | H6: =Table1[[#This Row],[Tenure Months]] -> 4 | I6: =Table1[[#This Row],[Contract Type]] -> Monthly | J6: =Table1[[#This Row],[Payment Method]] -> Credit Card | K6: =Table1[[#This Row],[Support Calls]] -> 5 | L6: =Table1[[#This Row],[Churn]] -> Yes | M6: =IF(Table2[[#This Row],[Churn]]="Yes","Churned","Active") -> Churned | N6: =IF(Table2[[#This Row],[Tenure Months]]<=6,"New",IF(Table2[[#This Row],[Tenure Months]]<=24,"Established","Loyal")) -> New
A7: =Table1[[#This Row],[Customer ID]] -> C006 | B7: =PROPER(TRIM(Table1[[#This Row],[Customer Name]])) -> Jessica Miller | C7: =Table1[[#This Row],[Gender]] -> Female | D7: =Table1[[#This Row],[Age]] -> 39 | E7: =Table1[[#This Row],[Location]] -> Illinois | F7: =Table1[[#This Row],[Subscription]] -> Standard | G7: =Table1[[#This Row],[Monthly Charges]] -> 54.99 | H7: =Table1[[#This Row],[Tenure Months]] -> 15 | I7: =Table1[[#This Row],[Contract Type]] -> One Year | J7: =Table1[[#This Row],[Payment Method]] -> Bank Transfer | K7: =Table1[[#This Row],[Support Calls]] -> 2 | L7: =Table1[[#This Row],[Churn]] -> No | M7: =IF(Table2[[#This Row],[Churn]]="Yes","Churned","Active") -> Active | N7: =IF(Table2[[#This Row],[Tenure Months]]<=6,"New",IF(Table2[[#This Row],[Tenure Months]]<=24,"Established","Loyal")) -> Established
A8: =Table1[[#This Row],[Customer ID]] -> C007 | B8: =PROPER(TRIM(Table1[[#This Row],[Customer Name]])) -> Daniel Moore | C8: =Table1[[#This Row],[Gender]] -> Male | D8: =Table1[[#This Row],[Age]] -> 51 | E8: =Table1[[#This Row],[Location]] -> Texas | F8: =Table1[[#This Row],[Subscription]] -> Premium | G8: =Table1[[#This Row],[Monthly Charges]] -> 89.99 | H8: =Table1[[#This Row],[Tenure Months]] -> 42 | I8: =Table1[[#This Row],[Contract Type]] -> Two Year | J8: =Table1[[#This Row],[Payment Method]] -> Credit Card | K8: =Table1[[#This Row],[Support Calls]] -> 1 | L8: =Table1[[#This Row],[Churn]] -> No | M8: =IF(Table2[[#This Row],[Churn]]="Yes","Churned","Active") -> Active | N8: =IF(Table2[[#This Row],[Tenure Months]]<=6,"New",IF(Table2[[#This Row],[Tenure Months]]<=24,"Established","Loyal")) -> Loyal
A9: =Table1[[#This Row],[Customer ID]] -> C008 | B9: =PROPER(TRIM(Table1[[#This Row],[Customer Name]])) -> Ashley Taylor | C9: =Table1[[#This Row],[Gender]] -> Female | D9: =Table1[[#This Row],[Age]] -> 27 | E9: =Table1[[#This Row],[Location]] -> California | F9: =Table1[[#This Row],[Subscription]] -> Basic | G9: =Table1[[#This Row],[Monthly Charges]] -> 27.99 | H9: =Table1[[#This Row],[Tenure Months]] -> 6 | I9: =Table1[[#This Row],[Contract Type]] -> Monthly | J9: =Table1[[#This Row],[Payment Method]] -> PayPal | K9: =Table1[[#This Row],[Support Calls]] -> 6 | L9: =Table1[[#This Row],[Churn]] -> Yes | M9: =IF(Table2[[#This Row],[Churn]]="Yes","Churned","Active") -> Churned | N9: =IF(Table2[[#This Row],[Tenure Months]]<=6,"New",IF(Table2[[#This Row],[Tenure Months]]<=24,"Established","Loyal")) -> New
A10: =Table1[[#This Row],[Customer ID]] -> C009 | B10: =PROPER(TRIM(Table1[[#This Row],[Customer Name]])) -> Christopher Anderson | C10: =Table1[[#This Row],[Gender]] -> Male | D10: =Table1[[#This Row],[Age]] -> 45 | E10: =Table1[[#This Row],[Location]] -> Florida | F10: =Table1[[#This Row],[Subscription]] -> Standard | G10: =Table1[[#This Row],[Monthly Charges]] -> 52.99 | H10: =Table1[[#This Row],[Tenure Months]] -> 20 | I10: =Table1[[#This Row],[Contract Type]] -> One Year | J10: =Table1[[#This Row],[Payment Method]] -> Credit Card | K10: =Table1[[#This Row],[Support Calls]] -> 2 | L10: =Table1[[#This Row],[Churn]] -> No | M10: =IF(Table2[[#This Row],[Churn]]="Yes","Churned","Active") -> Active | N10: =IF(Table2[[#This Row],[Tenure Months]]<=6,"New",IF(Table2[[#This Row],[Tenure Months]]<=24,"Established","Loyal")) -> Established
A11: =Table1[[#This Row],[Customer ID]] -> C010 | B11: =PROPER(TRIM(Table1[[#This Row],[Customer Name]])) -> Amanda Thomas | C11: =Table1[[#This Row],[Gender]] -> Female | D11: =Table1[[#This Row],[Age]] -> 33 | E11: =Table1[[#This Row],[Location]] -> New York | F11: =Table1[[#This Row],[Subscription]] -> Premium | G11: =Table1[[#This Row],[Monthly Charges]] -> 74.99 | H11: =Table1[[#This Row],[Tenure Months]] -> 10 | I11: =Table1[[#This Row],[Contract Type]] -> Monthly | J11: =Table1[[#This Row],[Payment Method]] -> Bank Transfer | K11: =Table1[[#This Row],[Support Calls]] -> 5 | L11: =Table1[[#This Row],[Churn]] -> Yes | M11: =IF(Table2[[#This Row],[Churn]]="Yes","Churned","Active") -> Churned | N11: =IF(Table2[[#This Row],[Tenure Months]]<=6,"New",IF(Table2[[#This Row],[Tenure Months]]<=24,"Established","Loyal")) -> Established
A12: =Table1[[#This Row],[Customer ID]] -> C011 | B12: =PROPER(TRIM(Table1[[#This Row],[Customer Name]])) -> Matthew Jackson | C12: =Table1[[#This Row],[Gender]] -> Male | D12: =Table1[[#This Row],[Age]] -> 29 | E12: =Table1[[#This Row],[Location]] -> California | F12: =Table1[[#This Row],[Subscription]] -> Standard | G12: =Table1[[#This Row],[Monthly Charges]] -> 47.99 | H12: =Table1[[#This Row],[Tenure Months]] -> 28 | I12: =Table1[[#This Row],[Contract Type]] -> Two Year | J12: =Table1[[#This Row],[Payment Method]] -> Credit Card | K12: =Table1[[#This Row],[Support Calls]] -> 1 | L12: =Table1[[#This Row],[Churn]] -> No | M12: =IF(Table2[[#This Row],[Churn]]="Yes","Churned","Active") -> Active | N12: =IF(Table2[[#This Row],[Tenure Months]]<=6,"New",IF(Table2[[#This Row],[Tenure Months]]<=24,"Established","Loyal")) -> Loyal
A13: =Table1[[#This Row],[Customer ID]] -> C012 | B13: =PROPER(TRIM(Table1[[#This Row],[Customer Name]])) -> Jennifer White | C13: =Table1[[#This Row],[Gender]] -> Female | D13: =Table1[[#This Row],[Age]] -> 46 | E13: =Table1[[#This Row],[Location]] -> Texas | F13: =Table1[[#This Row],[Subscription]] -> Basic | G13: =Table1[[#This Row],[Monthly Charges]] -> 31.99 | H13: =Table1[[#This Row],[Tenure Months]] -> 3 | I13: =Table1[[#This Row],[Contract Type]] -> Monthly | J13: =Table1[[#This Row],[Payment Method]] -> PayPal | K13: =Table1[[#This Row],[Support Calls]] -> 7 | L13: =Table1[[#This Row],[Churn]] -> Yes | M13: =IF(Table2[[#This Row],[Churn]]="Yes","Churned","Active") -> Churned | N13: =IF(Table2[[#This Row],[Tenure Months]]<=6,"New",IF(Table2[[#This Row],[Tenure Months]]<=24,"Established","Loyal")) -> New
... A41: =Table1[[#This Row],[Customer ID]] -> C040 | B41: =PROPER(TRIM(Table1[[#This Row],[Customer Name]])) -> Mia Roberts | C41: =Table1[[#This Row],[Gender]] -> Female | D41: =Table1[[#This Row],[Age]] -> 37 | E41: =Table1[[#This Row],[Location]] -> New York | F41: =Table1[[#This Row],[Subscription]] -> Standard | G41: =Table1[[#This Row],[Monthly Charges]] -> 54.49 | H41: =Table1[[#This Row],[Tenure Months]] -> 8 | I41: =Table1[[#This Row],[Contract Type]] -> Monthly | J41: =Table1[[#This Row],[Payment Method]] -> Bank Transfer | K41: =Table1[[#This Row],[Support Calls]] -> 5 | L41: =Table1[[#This Row],[Churn]] -> Yes | M41: =IF(Table2[[#This Row],[Churn]]="Yes","Churned","Active") -> Churned | N41: =IF(Table2[[#This Row],[Tenure Months]]<=6,"New",IF(Table2[[#This Row],[Tenure Months]]<=24,"Established","Loyal")) -> Established

Sheet Analysis
A1: Key Matrics | D1: Churn By Subscription | I1: Churn By Contract Type
A2: Metric | B2: Value | D2: Subscription | E2: Churned Customers | F2: Total Customers | G2: Churn Rate | I2: Contract Type | J2: Churned | K2: Total | L2: Churn Rate
A3: Total Customers | B3: =COUNTA(CleanData!A:A)-1 -> 40 | D3: Basic | E3: =COUNTIFS(CleanData!F:F,Analysis!D3,CleanData!M:M,"Churned") -> 6 | F3: =COUNTIFS(CleanData!F:F,Analysis!D3) -> 12 | G3: =E3/F3 -> 0.5 | I3: Monthly | J3: =COUNTIFS(CleanData!I:I,Analysis!I3,CleanData!M:M,"Churned") -> 16 | K3: =COUNTIF(CleanData!I:I,Analysis!I3) -> 16 | L3: =J3/K3 -> 1
A4: Churned Customers | B4: =COUNTIF(CleanData!M:M,"Churned") -> 16 | D4: Standard | E4: =COUNTIFS(CleanData!F:F,Analysis!D4,CleanData!M:M,"Churned") -> 8 | F4: =COUNTIFS(CleanData!F:F,Analysis!D4) -> 14 | G4: =E4/F4 -> 0.57142857 | I4: One Year | J4: =COUNTIFS(CleanData!I:I,Analysis!I4,CleanData!M:M,"Churned") -> 0 | K4: =COUNTIF(CleanData!I:I,Analysis!I4) -> 13 | L4: =J4/K4 -> 0
A5: Active Customers | B5: =COUNTIF(CleanData!M:M,"Active") -> 24 | D5: Premium | E5: =COUNTIFS(CleanData!F:F,Analysis!D5,CleanData!M:M,"Churned") -> 2 | F5: =COUNTIFS(CleanData!F:F,Analysis!D5) -> 14 | G5: =E5/F5 -> 0.14285714 | I5: Two Year | J5: =COUNTIFS(CleanData!I:I,Analysis!I5,CleanData!M:M,"Churned") -> 0 | K5: =COUNTIF(CleanData!I:I,Analysis!I5) -> 11 | L5: =J5/K5 -> 0
A6: Overall Churn Rate | B6: =B4/B3 -> 0.4
A7: Average Monthly Charges | B7: =AVERAGE(CleanData!G:G) -> 55.865
A8: Average Tenure | B8: =AVERAGE(CleanData!H:H) -> 17.925
A9: Average Support Calls | B9: =AVERAGE(CleanData!K:K) -> 3.1
A12: Churn by Customer Segment | F12: Churn by Gender
A13: Customer Segment | B13: Churned | C13: Total | D13: Churn Rate | F13: Gender | G13: Churned | H13: Total | I13: Churn Rate
A14: New | B14: =COUNTIFS(CleanData!N:N,Analysis!A14,CleanData!M:M,"Churned") -> 10 | C14: =COUNTIF(CleanData!N:N,Analysis!A14) -> 10 | D14: =B14/C14 -> 1 | F14: Male | G14: =COUNTIFS(CleanData!C:C,Analysis!F14,CleanData!M:M,"Churned") -> 6 | H14: =COUNTIF(CleanData!C:C,Analysis!F14) -> 20 | I14: =G14/H14 -> 0.3
A15: Established | B15: =COUNTIFS(CleanData!N:N,Analysis!A15,CleanData!M:M,"Churned") -> 6 | C15: =COUNTIF(CleanData!N:N,Analysis!A15) -> 18 | D15: =B15/C15 -> 0.33333333 | F15: Female | G15: =COUNTIFS(CleanData!C:C,Analysis!F15,CleanData!M:M,"Churned") -> 10 | H15: =COUNTIF(CleanData!C:C,Analysis!F15) -> 20 | I15: =G15/H15 -> 0.5
A16: Loyal | B16: =COUNTIFS(CleanData!N:N,Analysis!A16,CleanData!M:M,"Churned") -> 0 | C16: =COUNTIF(CleanData!N:N,Analysis!A16) -> 12 | D16: =B16/C16 -> 0
A19: Average Charges: Churned vs Active
A20: Status | B20: Average Monthly Charges
A21: Churned | B21: =AVERAGEIF(CleanData!M:M,Analysis!A21,CleanData!G:G) -> 45.3025
A22: Active | B22: =AVERAGEIF(CleanData!M:M,Analysis!A22,CleanData!G:G) -> 62.906667
A25: Count of Customer ID | B25: Column Labels | F25: Count of Customer ID | G25: Column Labels | K25: Count of Customer ID | L25: Column Labels
A26: Row Labels | B26: Active | C26: Churned | D26: Grand Total | F26: Row Labels | G26: Active | H26: Churned | I26: Grand Total | K26: Row Labels | L26: Active | M26: Churned | N26: Grand Total
A27: Basic | B27: 6 | C27: 6 | D27: 12 | F27: Monthly | H27: 16 | I27: 16 | K27: Established | L27: 12 | M27: 6 | N27: 18
A28: Premium | B28: 12 | C28: 2 | D28: 14 | F28: One Year | G28: 13 | I28: 13 | K28: Loyal | L28: 12 | N28: 12
A29: Standard | B29: 6 | C29: 8 | D29: 14 | F29: Two Year | G29: 11 | I29: 11 | K29: New | M29: 10 | N29: 10
A30: Grand Total | B30: 24 | C30: 16 | D30: 40 | F30: Grand Total | G30: 24 | H30: 16 | I30: 40 | K30: Grand Total | L30: 24 | M30: 16 | N30: 40

Sheet Dashboard
A1: Customer Churn Analysis Dashboard
A4: Total Customers | C4: Churned Customers | E4: Active Customers | G4: Overall Churn Rate | I4: Average Monthly Charges | N4: Churn rate by Subscription
A5: =Analysis!B3 -> 40 | C5: =Analysis!B4 -> 16 | E5: =Analysis!B5 -> 24 | G5: =Analysis!B6 -> 0.4 | I5: =Analysis!B7 -> 55.865 | N5: Subscription | O5: Churn Rate
N6: Basic | O6: =Analysis!G3 -> 0.5
N7: Standard | O7: =Analysis!G4 -> 0.57142857
N8: Premium | O8: =Analysis!G5 -> 0.14285714
N10: Churn rate by Contract Type
N11: Contract Type | O11: Churn Rate
N12: Monthly | O12: =Analysis!L3 -> 1
N13: One Year | O13: =Analysis!L4 -> 0
N14: Two Year | O14: =Analysis!L5 -> 0
N16: Churn rate by Customer Segment
N17: Customer Segment | O17: Churn Rate
N18: New | O18: =Analysis!D14 -> 1
N19: Established | O19: =Analysis!D15 -> 0.33333333
N20: Loyal | O20: =Analysis!D16 -> 0
N22: Churn rate by Gender
N23: Gender | O23: Churn Rate
N24: Male | O24: =Analysis!I14 -> 0.3
N25: Female | O25: =Analysis!I15 -> 0.5
A39: Key Insights
A40: Overall churn rate is 40%
A41: Monthly contract customers have the highest churn rate at 100%.
A42: Standard subscription customers have the highest subscription churn rate at 57%.
A43: New customers have the highest churn rate among customer segments at 100%.
A44: Female customers have a higher churn rate than male customers (50% vs. 30%).
